,degree,strength,betweenness,closeness,eigenvector,katz,pagerank,hub,authority,clustering,kcore
360ONE.NS,56,14.279920839196485,0.0,0.16111437185499844,0.014089974944411814,0.01188758223809631,0.0008835254315326971,0.0008228697898133107,0.0008228697898133163,0.3063449496302201,56
3MINDIA.NS,3,0.7183064384629723,0.0,0.13158022299875785,0.0007185294183531973,-0.006164402836796455,0.0003767815077792447,4.19628958736703e-05,4.19628958736703e-05,0.31378996911686446,3
ABB.NS,252,76.42521307198237,8.71402740561619e-05,0.22309265389992824,0.062425838299212985,0.06454779932353945,0.0033285214661436763,0.003645736535576047,0.0036457365355760407,0.25245788769243716,158
ACC.NS,295,100.52633226514982,0.0031261573317648084,0.24999073330954227,0.07943419330415503,0.07314488353248971,0.004292990620354862,0.004639042880207808,0.004639042880207811,0.25030750340048197,158
AIAENG.NS,7,1.680294447300144,0.0,0.13388753236156598,0.0015215540334523236,-0.004920528693877422,0.00041222455689263806,8.886040270732227e-05,8.886040270732223e-05,0.3070043391307085,7
APLAPOLLO.NS,183,50.220324569669806,0.0,0.1930935500700128,0.04486038752450138,0.050628162052521325,0.002259202916402081,0.0026198951949073985,0.002619895194907399,0.2841180116640367,157
AUBANK.NS,17,4.708578126244225,0.0,0.15163355926756295,0.003984131553062948,-0.0023000752617169428,0.0005339402738103606,0.00023267759570841094,0.00023267759570841086,0.3276456214598538,17
AWL.NS,166,47.36228703740728,3.267760277106071e-05,0.19094645048277473,0.04374377865263811,0.0472814508433199,0.0021183770698237356,0.002554684028009034,0.0025546840280090345,0.3106106001688836,157
AARTIIND.NS,333,104.80561841244689,0.02802649064331307,0.25793396696461973,0.0742310252705684,0.07364191435632844,0.0049657258384703485,0.004335172234372576,0.004335172234372577,0.19470148074375723,158
AAVAS.NS,6,1.4499667526376496,0.0,0.13703497812094698,0.0014169992466855094,-0.005222447084070206,0.00040564821488249905,8.27542899746727e-05,8.275428997467268e-05,0.29000085636456435,6
ABBOTINDIA.NS,16,4.220952401487708,0.0,0.13022637992999117,0.0011376738424043497,-0.005843091595461782,0.0006660056898962271,6.644138398178324e-05,6.644138398178324e-05,0.26806573870631323,16
ACE.NS,252,75.60864229406717,0.0,0.21991554565613705,0.06227722705876152,0.06601186298790382,0.003257829196056974,0.003637057478255032,0.0036370574782550297,0.2591941553883259,158
ADANIENT.NS,178,53.60165073236304,0.00011981787682722261,0.20274676026924457,0.04770301518782071,0.04832057043454189,0.0023750190586870864,0.0027859077277232074,0.0027859077277232074,0.2967598118689096,155
ADANIGREEN.NS,134,38.97240795082805,0.0,0.18880171561491563,0.03707799224948167,0.03757064734218416,0.0018022310112680686,0.0021653948860378375,0.0021653948860378366,0.32485072584546026,131
ADANIPORTS.NS,265,87.98518991293773,0.0034420408252183953,0.23671156251757952,0.0717767938862964,0.06779231737024945,0.003808707743368918,0.004191842464710334,0.0041918424647103365,0.2642058284951447,158
ADANIPOWER.NS,156,45.949926064847126,1.0892534257020238e-05,0.19506507929265984,0.042783472378614254,0.04382011470779577,0.002064507603955286,0.0024986011020293984,0.002498601102029398,0.3166890712461322,148
ATGL.NS,108,31.978845805800358,0.00016338801385530356,0.184253573281573,0.030794968764982212,0.02889221015774633,0.0016843711281317748,0.001798459512875041,0.0017984595128750407,0.3332030038179747,107
ABCAPITAL.NS,323,109.19491591665182,0.0046293270592336015,0.26180077731822415,0.08211456404830066,0.07532517002481466,0.004821892566198722,0.0047955794332931395,0.004795579433293141,0.22341048334433994,158
ABFRL.NS,3,0.7383651853590074,0.0,0.1366335079211049,0.0006320662906495233,-0.006453446633244237,0.0004104961378240611,3.691335561537914e-05,3.691335561537914e-05,0.11950395388031855,3
ABREL.NS,269,80.92680825076069,7.624773979914167e-05,0.22650610708780106,0.06514728871426705,0.06849342529488049,0.0035139842975188875,0.003804672185913093,0.0038046721859130955,0.24501757708830482,158
ABSLAMC.NS,278,82.97867196896807,0.0005010565758229309,0.22824037701374283,0.06545671296662559,0.06962893641989391,0.0036635012894189168,0.0038227428972171214,0.003822742897217119,0.23533353568146478,158
AFFLE.NS,269,78.5616529921854,0.000686229658192275,0.22171981211193623,0.06173859349948143,0.06772071351724847,0.0034969519115441066,0.003605600695296944,0.003605600695296947,0.23546987029376787,158
AJANTPHARM.NS,6,1.5564454276782205,0.0,0.1272916222731104,0.00037762117937574263,-0.006786921259404013,0.00045382563517080054,2.205348566820639e-05,2.2053485668206396e-05,0.23159817584655648,6
AKZOINDIA.NS,23,5.628262635783265,0.0,0.1477398684251352,0.004785475491666581,-0.00018098986674732034,0.0005699204260285026,0.0002794769492153142,0.0002794769492153143,0.2615711171935266,23
APLLTD.NS,32,8.015355113566029,0.0,0.15607038883308214,0.006598718242131587,0.002257609600083262,0.0007128500078182731,0.0003853722887629138,0.00038537228876291374,0.24897830214805464,31
ALKEM.NS,47,12.698153766544207,0.00010892534257020238,0.15358128418927292,0.008147214883943458,0.0037350902727262066,0.0010742518307255353,0.0004758061689650718,0.0004758061689650718,0.21866697674835953,39
ALKYLAMINE.NS,175,47.47294148066934,3.267760277106071e-05,0.19341198530547082,0.03967107528440482,0.04519225093112612,0.0022261350120532744,0.002316833742411527,0.0023168337424115293,0.25777012033170255,150
ALOKINDS.NS,196,54.30401330623609,1.0892534257020238e-05,0.19796668082626567,0.046628283125511684,0.05297178583332792,0.002458688352242574,0.0027231422118364273,0.0027231422118364286,0.2742602330911643,158
AMBER.NS,81,20.35277568737967,0.0,0.16592165661570046,0.020123243824695783,0.02053029845215311,0.0011129075909753578,0.0011752192237188303,0.0011752192237188307,0.3036563709069316,81
AMBUJACEM.NS,265,88.05200948756018,0.0006971221924492952,0.2367568863852859,0.07204153090134695,0.06804235556571175,0.003752613796667511,0.00420730339297955,0.004207303392979547,0.2659856997410812,158
ANANDRATHI.NS,0,0.0,,,,,,,,0.0,0
ANANTRAJ.NS,309,99.1247472482422,0.003888634729756225,0.2493765944267822,0.074651559362239,0.0735180593632621,0.004305038344925242,0.004359731880574036,0.004359731880574035,0.22319352399162629,158
ANGELONE.NS,245,71.50902136155972,1.0892534257020238e-05,0.2150717796897897,0.05897185797027321,0.06419624411124146,0.003096003766707405,0.0034440203452700277,0.0034440203452700308,0.25580059823665247,158
APARINDS.NS,50,12.446135042470138,0.0,0.15049921486655232,0.010909987553820416,0.008511203530442987,0.0008217011575792257,0.0006371550837170649,0.0006371550837170649,0.27778838045671195,50
APOLLOHOSP.NS,38,9.76881790663781,0.004879855347145067,0.16272346651446964,0.005157148238772084,-0.0003088783412742681,0.0013879081704098336,0.00030118303999948084,0.0003011830399994807,0.16611919693579189,29
APOLLOTYRE.NS,212,60.55794858373546,0.00039213123325272854,0.20580608314273693,0.05060375736211063,0.05553761921728169,0.002711725652354636,0.0029553142108913856,0.002955314210891387,0.26019814366235644,158
APTUS.NS,76,19.16667790165028,0.0,0.1643536853578532,0.018948658902979063,0.018625036212043502,0.001119950493366478,0.0011066221927472297,0.001106622192747229,0.30099957509015446,75
ASAHIINDIA.NS,147,38.41388681815542,1.0892534257020238e-05,0.17930090882861277,0.03388745182007823,0.03895521455706132,0.0018151051330798345,0.001979063871050806,0.0019790638710508067,0.27209182359560996,135
ASHOKLEY.NS,278,87.81143992331897,0.005762150621963706,0.2365328770011543,0.06957068591011019,0.06876792760815297,0.004164876919706477,0.004063003370685561,0.004063003370685558,0.24177843419711462,158
ASIANPAINT.NS,26,7.43032111548816,0.0009040803433326797,0.15146548794895112,0.00286262356883485,-0.0035976687675561003,0.0010721262411528183,0.0001671803153444215,0.00016718031534442154,0.17980631372629302,18
ASTERDM.NS,2,0.4808331469900564,0.0,0.1215092174989402,0.0003538424789696437,-0.006691571647975949,0.0003686965768468829,2.066478382293011e-05,2.066478382293012e-05,0.27901162554532716,2
ASTRAZEN.NS,0,0.0,,,,,,,,0.0,0
ASTRAL.NS,185,51.11581082017127,5.446267128510119e-05,0.19858390139698953,0.04295273767910492,0.04724259825964579,0.002348857056832796,0.0025084863788156896,0.002508486378815689,0.255372361238014,147
ATUL.NS,210,58.21021883090187,0.00020695815088338451,0.2054525929205756,0.04549308010252515,0.050962203693064326,0.002755633519526648,0.0026568451263834208,0.002656845126383421,0.2292641281089095,155
AUROPHARMA.NS,84,23.04932396331809,0.0002614208221684857,0.16965462599269115,0.017112865017373125,0.01536452049995645,0.001478669499155514,0.0009994098424947362,0.0009994098424947362,0.23690110114622798,71
DMART.NS,8,1.9627421616890948,1.0892534257020238e-05,0.10772180635908642,0.00018581994325405697,-0.007127832552510657,0.000632437693807788,1.0852085844853025e-05,1.0852085844853031e-05,0.12005939327744038,7
AXISBANK.NS,135,40.07042444728926,2.1785068514040475e-05,0.19284243053649613,0.03531477835849183,0.03402557959400763,0.0018901100597331806,0.002062421286042177,0.0020624212860421774,0.2982168639277979,121
BASF.NS,80,20.62763810393393,0.0,0.16747833855211686,0.019090791759447685,0.018296911155822677,0.0011775575306572099,0.0011149229054304899,0.0011149229054304899,0.28059459839327505,77
BEML.NS,257,82.38265983693536,0.0007951550007624774,0.23163044870299318,0.06796081920914065,0.06648614626017804,0.003557068638183661,0.003968985412592627,0.00396898541259262,0.2657985129905325,158
BLS.NS,267,78.34066417554244,0.00023963575365444523,0.22113369788278645,0.06260388379595994,0.06794236604502103,0.0034189462930581376,0.003656134585328677,0.00365613458532868,0.24067387684811525,158
BSE.NS,131,35.5450205844728,0.0,0.18401698878291228,0.03319344285229507,0.03571420319328609,0.0016847821877736101,0.0019385329960349626,0.0019385329960349637,0.3004516356936354,126
BAJAJ-AUTO.NS,86,23.32960193642625,6.535520554212142e-05,0.1775009108421184,0.019093711170447662,0.017769001618510315,0.0013466670958150232,0.0011150934021932884,0.0011150934021932882,0.2621261682798088,79
BAJFINANCE.NS,87,25.02302905971608,1.0892534257020238e-05,0.18077698307966955,0.01981379382469371,0.01654520881861777,0.0014489903423173423,0.0011571470087245505,0.001157147008724551,0.26223542313990184,78
BAJAJFINSV.NS,144,42.30698630534795,0.001056575822930963,0.19338563527456443,0.033032139901157706,0.031396526681057496,0.0021660743369498908,0.0019291127290705227,0.0019291127290705205,0.24338084605608948,112
BAJAJHLDNG.NS,8,2.067807648251743,0.0,0.13357024216659902,0.0014080121394928799,-0.005191095367836385,0.00043862310158128003,8.222943318565721e-05,8.222943318565725e-05,0.29792129423698777,8
BALKRISIND.NS,143,37.89576160765287,0.0,0.1818428724933723,0.03167910785772973,0.034473293648027876,0.0018443226220302019,0.0018500941930135904,0.0018500941930135895,0.2551055610782668,122
BALRAMCHIN.NS,267,80.4619095125706,0.0007080147267063154,0.22581766482353205,0.06484140774141545,0.06850564324188868,0.0035187422790995005,0.003786808405968051,0.0037868084059680487,0.24811920763335554,158
BANDHANBNK.NS,268,83.68017643596845,0.0003812386989957083,0.2316068022354901,0.06765099403164919,0.06862363114218457,0.003645204085209187,0.003950891286826813,0.003950891286826814,0.2534473430236091,158
BANKBARODA.NS,289,100.0096072757205,0.00015249547959828334,0.25041196577187547,0.08069256219692919,0.07230212466202639,0.004248807451761744,0.004712532985789253,0.004712532985789251,0.2580066497680889,158
BANKINDIA.NS,264,88.69295519156057,7.624773979914167e-05,0.23672971392498443,0.07379197065832645,0.06881962866170219,0.003740686297832484,0.0043095309697204,0.004309530969720403,0.2747197680240222,158
MAHABANK.NS,281,96.13885055519529,0.0009149728775896999,0.24395145106936195,0.07842346185917172,0.07156595476728805,0.004079241944263802,0.004580015069656516,0.004580015069656521,0.26451129605600643,158
BATAINDIA.NS,109,28.220291178457426,0.0003376685619676274,0.17787035217527564,0.021104787967836682,0.02169057027146218,0.0016692691014657665,0.0012325424642458968,0.001232542464245897,0.21764601613710471,92
BAYERCROP.NS,11,2.6586290863447877,0.0,0.1404281256065389,0.0021053631470048842,-0.00401631197909495,0.00045588971551292426,0.00012295548693957745,0.00012295548693957745,0.25215633574424234,11
BERGEPAINT.NS,44,11.38302713886562,0.00011981787682722261,0.15706476629937274,0.008546680893702639,0.004542467289710151,0.0009652997731895803,0.0004991354163757253,0.000499135416375725,0.23014412238205845,38
BDL.NS,221,67.26470444632815,5.446267128510119e-05,0.21508405884398415,0.057540614864534566,0.059588375271643,0.0028995187628717604,0.003360434198507004,0.003360434198507005,0.28135174485454784,158
BEL.NS,324,115.64479348101278,0.006960329390235932,0.2697844538089501,0.08841761914532598,0.07577135096887422,0.004946155634753408,0.005163684674312603,0.005163684674312603,0.2330749259959269,158
BHARATFORG.NS,292,92.69407582417779,0.001274426508071368,0.24038969595067314,0.07255605207530808,0.07157143321017807,0.004028406612600431,0.004237351986532209,0.004237351986532215,0.23576091660149764,158
BHEL.NS,315,114.36132252217054,0.002058688974576825,0.2699577842716848,0.08894313418606441,0.07510991124303659,0.004858254345922099,0.005194375321586445,0.0051943753215864434,0.2445160142319286,158
BPCL.NS,236,76.90345583750626,5.446267128510119e-05,0.22727024117215464,0.06614132796443127,0.06320332052029645,0.003269338609818266,0.0038627251542168646,0.003862725154216868,0.28787697570112997,158
BHARTIARTL.NS,63,16.368898572626364,0.0,0.16066960396340768,0.012667893520653103,0.009553474457676694,0.0010518384908000172,0.0007398186951958675,0.0007398186951958677,0.24562123729751215,55
BIKAJI.NS,31,7.706087879528445,0.0,0.16078996607986998,0.0064076965723810905,0.0022310369017053758,0.0006502201941854198,0.0003742164164595556,0.00037421641645955556,0.26554569483621193,31
BIOCON.NS,270,79.00505190893885,0.00639391760887088,0.223426944104974,0.06040220585926806,0.06557151813362541,0.0036676834740379193,0.0035275542104060997,0.003527554210406096,0.2230034151460233,158
BSOFT.NS,244,70.76794880836876,0.010729146243164935,0.21358505188274568,0.05403547655790663,0.0604970546995654,0.0032699520185179827,0.0031557303269230843,0.0031557303269230796,0.23095094069582708,158
BLUEDART.NS,0,0.0,,,,,,,,0.0,0
BLUESTARCO.NS,34,8.71032544006796,0.0,0.15598755660201802,0.007138645962999458,0.0029482530938410466,0.000694931374958235,0.00041690465215871457,0.0004169046521587146,0.26067341034404257,34
BBTC.NS,199,54.02698677390841,7.624773979914167e-05,0.19690750974606253,0.04613129301642526,0.05299761919009225,0.0024820461773600285,0.0026941174514506444,0.002694117451450643,0.26070091197169526,158
BOSCHLTD.NS,187,51.705758930678286,0.0,0.19817945845399512,0.04373393680769087,0.04871574228851639,0.002354973448383351,0.0025541092536098577,0.0025541092536098572,0.26214617206891055,151
BRIGADE.NS,165,45.34838007243298,0.0,0.1955675299786992,0.040240847335024685,0.04397670660467296,0.0020943786192845685,0.0023501090469727317,0.0023501090469727334,0.2768638176487964,146
BRITANNIA.NS,12,4.340611516384078,1.0892534257020238e-05,0.11575452810956442,0.00010938702529476775,-0.007488134213422569,0.0010835822264165327,6.388320693807351e-06,6.388320693807355e-06,0.305702565689274,10
MAPMYINDIA.NS,13,3.205723956742431,0.0,0.1434420998566248,0.0033116378298887884,-0.0025680489084455626,0.00047100598521425114,0.0001934032342689985,0.00019340323426899855,0.31578406559018407,13
CCL.NS,0,0.0,,,,,,,,0.0,0
CESC.NS,294,97.58837255852835,0.004988780689715269,0.2482121122718911,0.07683126712539935,0.0723819150316135,0.004329129466856505,0.004487029173578633,0.004487029173578634,0.24433710085743585,158
CGPOWER.NS,153,41.80817935144856,6.535520554212142e-05,0.1861647049628694,0.03675137052980342,0.04003445946478773,0.001958003362305331,0.002146319824025274,0.0021463198240252754,0.275312900640337,139
CRISIL.NS,0,0.0,,,,,,,,0.0,0
CAMPUS.NS,98,25.272240453555707,0.0,0.1715912255885301,0.023325440479201952,0.024663936161469488,0.0013101684405076896,0.0013622309748702733,0.0013622309748702731,0.2913435307620816,95
CANFINHOME.NS,292,90.63492069998735,0.0007515848637343964,0.2376565488820102,0.0702621909417277,0.07129727560040261,0.00397738110200205,0.004103388013118702,0.0041033880131187,0.23026820811529033,158
CANBK.NS,321,119.21546413242781,0.010870749188506197,0.27401028242005104,0.09205765617137603,0.07544078339588725,0.005135636445354975,0.005376266777144978,0.005376266777144978,0.24202780426070575,158
CAPLIPOINT.NS,116,30.77582614159147,0.004760037470317844,0.17529532615670465,0.0254977996386966,0.02759060255325992,0.0018557752216463732,0.0014890991014655818,0.001489099101465581,0.25852184674494116,105
CGCL.NS,2,1.6240094766892872,0.0,0.09042371919058052,1.1353862610750886e-06,-0.0072698382576424385,0.0019030855749297489,6.63077867564753e-08,6.630778675648248e-08,0.9051233879060965,2
CARBORUNIV.NS,82,21.08226988330046,0.0,0.17078464295522044,0.020539290658291697,0.02028013717078209,0.0011399790410527256,0.001199516809191071,0.0011995168091910706,0.3026201716407567,82
CASTROLIND.NS,215,60.99282881454767,0.0,0.20532456619416448,0.05214446344034619,0.05787879334965448,0.0026881347870863818,0.0030452931137470427,0.0030452931137470423,0.26939630448023,158
CEATLTD.NS,64,16.584958831783172,0.0,0.1679006548874696,0.015831663476990387,0.013905289839018377,0.0009856287393642388,0.000924586285575541,0.0009245862855755409,0.29532960135089975,63
CENTRALBK.NS,291,99.78614146207552,0.0006753371239352548,0.2470882950569596,0.08001663430227957,0.07215077652935435,0.004225079164961861,0.004673058065018016,0.0046730580650180195,0.25305055063036935,158
CDSL.NS,302,94.20297092829496,0.0033657930854192534,0.24166596848135596,0.07175997076368651,0.07253158299617968,0.004162270416559809,0.004190859976138103,0.004190859976138104,0.22356859940020116,158
CENTURYPLY.NS,126,32.60176331599757,0.0,0.17386873744294234,0.02888168474733481,0.0327051688290949,0.001586539398677131,0.0016867216550246207,0.0016867216550246213,0.27451625247771316,121
CERA.NS,15,3.611354216383921,0.0,0.13780721791283976,0.003140431587686443,-0.002440236044498472,0.0004919697893089983,0.00018340460438558349,0.00018340460438558349,0.285929183938498,15
CHALET.NS,99,25.43905479302819,7.624773979914167e-05,0.17345660125154705,0.022091790082800503,0.022965481722543313,0.0014089650391172644,0.001290184456235931,0.00129018445623593,0.25755029999981655,93
CHAMBLFERT.NS,283,90.41988148291692,0.0009694355488748011,0.24117650095476317,0.07144720015061981,0.07024851167708816,0.003913474497906974,0.00417259383374613,0.004172593833746131,0.2432824920107826,158
CHENNPETRO.NS,137,38.79366441493505,0.0,0.18662962090548657,0.037613062885693806,0.03914454143559795,0.0017849145497902947,0.00219664359043172,0.0021966435904317207,0.32653193843120043,137
CHOICEIN.NS,278,82.1710744501532,0.0032786528113630917,0.22610694965810935,0.06447708990544843,0.06893769939472735,0.0037310716926454443,0.0037655318499564016,0.0037655318499564016,0.23052395710407106,158
CHOLAHLDNG.NS,24,6.202977494760729,0.0,0.152536183163846,0.00550848032755909,0.0001673449429984263,0.0005939061532369277,0.00032170121431812995,0.0003217012143181299,0.27914171914400376,24
CHOLAFIN.NS,151,42.32819173099975,0.00044659390453782974,0.1925819612643928,0.0346198677452223,0.03592865256794656,0.0021105767448145033,0.00202183775395386,0.0020218377539538593,0.2511384068782572,122
CIPLA.NS,17,5.318310095403369,0.0,0.13740719482452438,0.0012954634037616222,-0.00585687061522294,0.000758199669032155,7.56564651796593e-05,7.565646517965931e-05,0.3073714573049019,16
CUB.NS,201,57.52163245022095,0.0,0.2020256841442126,0.04976970959525243,0.054107918001612874,0.0025350068230893014,0.0029066049184109854,0.002906604918410985,0.2754907282845787,157
CLEAN.NS,116,30.324628809297952,0.0,0.1777669402051813,0.024837957017520205,0.027462066409259737,0.0015387062153358385,0.0014505635780782528,0.0014505635780782532,0.25394422295296676,106
COALINDIA.NS,292,100.06030876771142,0.00019606561662636427,0.2510713101163899,0.08031487327984999,0.07246849616753023,0.004235801230308316,0.004690475544165832,0.004690475544165832,0.25371798511148086,158
COCHINSHIP.NS,217,66.41657972994778,8.71402740561619e-05,0.21340589401113585,0.05734311872925531,0.05918821481480079,0.002899012338715866,0.0033489002104078566,0.0033489002104078545,0.28856987666790773,158
COFORGE.NS,64,19.92917648130728,0.00023963575365444523,0.17044850345598608,0.012091119390646343,0.008237515389402102,0.001256653984897505,0.0007061344616183877,0.0007061344616183883,0.24736126834002395,57
COLPAL.NS,21,6.407327314511092,0.0007951550007624774,0.13526164019828066,0.0011616969813183348,-0.0059185886195558006,0.0012250383291717865,6.78443613005362e-05,6.784436130053618e-05,0.15929151300051994,15
CAMS.NS,298,88.4710659170016,0.0007624773979914166,0.23158994283717874,0.06727466128496509,0.0724394225260651,0.0038753573318298646,0.003928913047022589,0.003928913047022594,0.21999900469825232,158
CONCOR.NS,302,101.38610997083826,0.0006535520554212142,0.2528399831588693,0.07956122007342095,0.0735306015069841,0.004350027631780638,0.004646461381045384,0.004646461381045387,0.24082857280884823,158
COROMANDEL.NS,199,54.318214840730285,1.0892534257020238e-05,0.19900612976024423,0.045498149549523276,0.051925382570187924,0.0024787397809222247,0.002657141187576025,0.002657141187576024,0.25456036069787324,157
CRAFTSMAN.NS,11,2.6558685433666733,0.0,0.14343211259327557,0.0024475885943669603,-0.0037817626473547203,0.00045406675513126035,0.00014294182354064312,0.00014294182354064312,0.2640819071589121,11
CREDITACC.NS,13,3.270461054134208,0.0,0.14743719398083002,0.002541274941384584,-0.0036141286185734853,0.000480705180399697,0.0001484132076263435,0.00014841320762634352,0.2616362216201715,13
CROMPTON.NS,95,24.71410117717649,0.0,0.17322555046376534,0.022515418995327517,0.023323307251962192,0.001295756540850648,0.0013149248433257036,0.0013149248433257036,0.2850427097482557,92
CUMMINSIND.NS,256,77.37906062002186,2.1785068514040475e-05,0.22460145041548654,0.06268301180559238,0.06448757529919287,0.0033841680172733484,0.003660755746751001,0.003660755746751002,0.24545801233789305,158
CYIENT.NS,101,26.25693709030565,0.0,0.16685016768229438,0.021334784251917586,0.021770704707104502,0.0014315855198098414,0.0012459744962180018,0.0012459744962180015,0.24269166163847822,89
DCMSHRIRAM.NS,42,10.428703580246076,0.0,0.15576322193145234,0.010432736780824962,0.007294555365527405,0.000739534302273624,0.0006092831219277515,0.0006092831219277515,0.3066533454041688,42
DLF.NS,359,127.1743849321597,0.06946169095701805,0.2888165151829577,0.0897154397110178,0.07715154353022978,0.005878939950403659,0.005239478800300722,0.005239478800300726,0.20000080294305778,158
DABUR.NS,17,5.565796493334485,0.00045748643879484996,0.12991742558048944,0.0007544972267049039,-0.006464763061234342,0.0011918303888072228,4.4063454818252086e-05,4.406345481825211e-05,0.20683802717142252,12
DALBHARAT.NS,263,79.94392558900874,0.0007080147267063154,0.2267489476687086,0.06403781004972982,0.06630283713522026,0.0034952955091872725,0.003739877430841358,0.003739877430841362,0.2445401352271777,158
DATAPATTNS.NS,199,57.0274086481721,5.446267128510119e-05,0.20192276868046916,0.049424433514995494,0.053931170236877886,0.002513378430983917,0.0028864404215464077,0.0028864404215464086,0.2803781247237961,158
DEEPAKFERT.NS,200,56.563572307107044,2.1785068514040475e-05,0.20497553960201817,0.04690110521596375,0.05177412454942588,0.002571789637793672,0.002739075317261551,0.0027390753172615505,0.2578486924235487,157
DEEPAKNTR.NS,304,93.83093931739391,0.0026795634272269784,0.24386458116474824,0.06975760802554765,0.07195076309106828,0.004203897331969631,0.004073919824579078,0.004073919824579081,0.21635000427945256,158
DELHIVERY.NS,79,20.06394975374481,0.0,0.16829688682327099,0.019899556500447377,0.01983641095944943,0.00109886167457365,0.0011621556418306897,0.001162155641830689,0.30720612639038314,78
DEVYANI.NS,78,20.1265064797935,0.0005010565758229309,0.16867576530063405,0.017110796124655714,0.017033461500821856,0.001192808136681984,0.0009992890169203674,0.0009992890169203679,0.26679211842819434,77
DIVISLAB.NS,48,13.259643993516429,0.00018517308236934405,0.16216918610909098,0.007130095267462032,0.002077637098596544,0.0011398224567329132,0.000416405282282799,0.0004164052822827991,0.2026650857552637,39
DIXON.NS,269,78.26566351703768,0.00045748643879484996,0.22042909645862913,0.061784900244849505,0.06780322772627952,0.0034630358334950435,0.003608305059355672,0.003608305059355667,0.23491978532769406,158
LALPATHLAB.NS,16,4.570141668441483,2.1785068514040475e-05,0.13745291539127885,0.0017244676821639266,-0.00500715599916764,0.0006309129502339504,0.00010071077945563493,0.00010071077945563491,0.285180037029883,16
DRREDDY.NS,23,6.707399951446379,0.00010892534257020238,0.14369621440844899,0.002593072289168874,-0.003919491232126274,0.0007956176915757372,0.0001514382288100075,0.00015143822881000756,0.2334225994796495,21
EIDPARRY.NS,208,59.11580518869371,6.535520554212142e-05,0.2024717245804235,0.04995451942595552,0.05545251253410564,0.002635889575725059,0.002917398012589368,0.002917398012589367,0.26771967090120846,158
EIHOTEL.NS,112,30.43464567903458,0.0,0.18176524440766717,0.028794054551879993,0.02985853362064989,0.0014905427822362533,0.0016816039567462576,0.0016816039567462565,0.30591312783299485,107
EICHERMOT.NS,141,38.181031291010925,1.0892534257020238e-05,0.18466805738831762,0.03203466905092415,0.03429544995069172,0.0019108132646682538,0.001870859351607836,0.0018708593516078356,0.2578604225527893,121
ELECON.NS,257,75.15212026163279,2.1785068514040475e-05,0.2184173396656182,0.06099897656015892,0.06670738457497878,0.003248323133484592,0.0035624062653704354,0.003562406265370435,0.24958619635408233,158
ELGIEQUIP.NS,93,23.75232470750896,0.0,0.16773986913500985,0.022236667166114284,0.02332644629646275,0.0012484814325788116,0.0012986454347377052,0.0012986454347377052,0.287532214399677,91
EMAMILTD.NS,7,1.7145603697949205,0.00020695815088338451,0.12739558623920982,0.0005054261452017428,-0.0065766216735493556,0.0006415979021535824,2.9517434027323083e-05,2.9517434027323077e-05,0.03986321636501641,6
ENDURANCE.NS,52,13.044883772071937,0.0,0.15340274681978158,0.012237507993310463,0.01022921023817321,0.0008537352953395233,0.000714683714486511,0.0007146837144865111,0.29152691635979683,51
ENGINERSIN.NS,278,93.15563785718561,0.0005228416443369714,0.2431604556486032,0.07592436445191882,0.07076904683148987,0.004028085412598859,0.004434065075682627,0.00443406507568263,0.2621881907310046,158
ERIS.NS,29,7.054195320942589,5.446267128510119e-05,0.1432127479387528,0.004634226583370583,-0.00017900491636821007,0.0007414948553102101,0.0002706438492367815,0.00027064384923678153,0.18986107171826674,26
ESCORTS.NS,242,68.56684257015314,0.0,0.21115285860823,0.05580408496517643,0.062469323118424826,0.003024710147087002,0.0032590189725093133,0.0032590189725093125,0.24539542027584343,158
ETERNAL.NS,108,28.264857183255927,4.357013702808095e-05,0.17835129522985757,0.02331887036840472,0.024145063756599177,0.0014869615299673718,0.0013618472732872613,0.0013618472732872624,0.24340505466152593,98
EXIDEIND.NS,327,106.97587606071505,0.008986340762041696,0.26061102304569833,0.07943242325373698,0.07537009276720188,0.004832512464270899,0.004638939507347229,0.004638939507347232,0.21408994923397787,158
NYKAA.NS,42,10.563097850741952,0.0,0.15847772240468677,0.009548371620567722,0.006043541432554592,0.0008555664639779293,0.000557635239201907,0.0005576352392019071,0.27163398970355757,41
FEDERALBNK.NS,235,70.57134019165103,0.0,0.21530589617616316,0.05974466563799591,0.06237885433396022,0.0030511814327564696,0.0034891531496656306,0.0034891531496656298,0.2686169476695166,158
FACT.NS,184,50.89090169525184,0.0,0.20290714952922073,0.04556555691509708,0.051671673277719515,0.002264497782066043,0.0026610778506971754,0.002661077850697175,0.2913074488574599,157
FINCABLES.NS,141,38.6535145042388,0.0,0.18450152253107474,0.03602376098916764,0.03885731516286033,0.0017967061427564797,0.002103826639180645,0.002103826639180644,0.30230597497764095,136
FINPIPE.NS,198,54.618055330055334,0.0,0.19821362825168978,0.04782206364481509,0.054309745240106004,0.002424581899996247,0.0027928602864872283,0.002792860286487227,0.27647396571597604,158
FSL.NS,206,57.266511504764196,0.000686229658192275,0.20157460772779795,0.04636097858823451,0.05246197797259634,0.0026495878822550573,0.002707531337489719,0.0027075313374897198,0.24565267448734132,157
FIVESTAR.NS,13,3.2130214376673383,0.0,0.1396073587408554,0.0029923915145546234,-0.0031272992162799675,0.0005202661321420704,0.00017475890385435292,0.00017475890385435286,0.26798883866755796,12
FORCEMOT.NS,119,31.143425657901854,0.013920658780471863,0.17475962302688247,0.029806460941451986,0.03225643404094138,0.001724962253216646,0.00174072958587473,0.0017407295858747286,0.2993857721992906,116
FORTIS.NS,32,7.81983164806695,0.0,0.1506283022341347,0.007387450535800841,0.003033942043764914,0.0006803599295694268,0.00043143510855295117,0.00043143510855295117,0.2747295586041969,30
GAIL.NS,313,111.40452577874774,0.0031915125373069295,0.2653970970118098,0.08669580454990794,0.07517816778548447,0.004723648212587641,0.005063128837995017,0.00506312883799502,0.2434674026447446,158
GVT&D.NS,49,12.353576956260673,0.0,0.1513539646730071,0.01192990826555496,0.009070725828091436,0.0008117531938316618,0.0006967195573944378,0.0006967195573944378,0.3082609292887922,49
GMRAIRPORT.NS,300,101.09771323489035,0.00010892534257020238,0.25270230357402446,0.07955849594362474,0.07340254483030886,0.004309563753420967,0.004646302288916287,0.004646302288916288,0.24403544452660123,158
GRSE.NS,222,66.96695122272705,0.0002614208221684857,0.2117137395674817,0.05669130001327717,0.059697717867326784,0.002929937016300346,0.0033108332917703557,0.0033108332917703574,0.2779508511743284,158
GICRE.NS,236,70.90961343361019,0.0,0.21716337904211278,0.060234179730926096,0.06335827591161082,0.003051863134711619,0.0035177413026147514,0.00351774130261475,0.27325793052829084,158
GILLETTE.NS,1,0.2754699507110895,0.0,0.1036535591720597,6.7392038943992e-05,-0.007108984903858832,0.0003654622087457154,3.93576802937659e-06,3.935768029376594e-06,0.0,1
GLAND.NS,1,0.2745062198530332,0.0,0.10707702300981048,9.659818214881452e-05,-0.007059989261156459,0.0003629040351815978,5.641438409560075e-06,5.641438409560079e-06,0.0,1
GLAXO.NS,23,5.678493999889513,0.0,0.147153656605891,0.0046969332488189484,-0.0005147255550835423,0.0005974656277754787,0.0002743059863818762,0.00027430598638187616,0.24289218781830885,22
GLENMARK.NS,102,27.322473482594955,0.0003049909591965667,0.1739622620799054,0.021770618570853592,0.021234352689342408,0.0016767905552818921,0.0012714276922549841,0.0012714276922549843,0.2338976091708433,84
MEDANTA.NS,21,5.138216504939718,0.0,0.14946304804286353,0.004571723111985736,-0.0007970535117486846,0.0005770932686090346,0.0002669935788449628,0.0002669935788449627,0.2501709309486557,21
GPIL.NS,3,1.912146393403459,0.009302224255495282,0.10147451432759358,9.840846655389457e-05,-0.007109358486294471,0.002038412014700878,5.747160978534512e-06,5.747160978534512e-06,0.30170779596869884,2
GODFRYPHLP.NS,9,2.15755171319195,0.0,0.14109055808634036,0.0024051681455479687,-0.00403876855141711,0.00043154207130740354,0.000140464423407486,0.000140464423407486,0.30817559530746036,9
GODREJAGRO.NS,190,51.11311334791351,0.0,0.19319263969642034,0.043826400386472335,0.05088628775423401,0.0023257239704738875,0.0025595092267068614,0.0025595092267068605,0.26384956089197886,157
GODREJCP.NS,11,3.864628440300038,0.0,0.11559619924050714,0.00010049357063010933,-0.007452672359927496,0.0009893071257367134,5.868933313808535e-06,5.8689333138085386e-06,0.33628595301571806,10
GODREJIND.NS,23,5.774964744488483,0.0,0.15293845380054602,0.005395338684530868,0.0002968696416108981,0.0005715717234633664,0.0003150936198841399,0.0003150936198841398,0.28773569882053135,23
GODREJPROP.NS,323,104.32728370596524,0.004531294250920419,0.25803174180734534,0.07659725565452401,0.07414644476880085,0.004657150859405648,0.004473362650351104,0.004473362650351103,0.21082579284544925,158
GRANULES.NS,261,75.47330118719341,0.008485284186218765,0.2205381218145861,0.057803163131457044,0.06350767298308063,0.003586861242318091,0.003375767301516107,0.0033757673015161094,0.22336082092618098,158
GRAPHITE.NS,270,82.06855894434183,0.0007951550007624774,0.2275022976407793,0.06585593384116203,0.06868142374146993,0.00359032822162261,0.003846057828465398,0.0038460578284653974,0.246120113182047,158
GRASIM.NS,230,68.74988428243599,0.0019715487005206632,0.21872794808061774,0.05422690172130509,0.05598322250130563,0.0032132143284548287,0.0031669097636922855,0.003166909763692285,0.23846569678075538,157
GRAVITA.NS,197,53.94332942965398,6.535520554212142e-05,0.19534458063362306,0.04589161734778814,0.052316432687309226,0.0024713698828815298,0.0026801201329420673,0.002680120132942066,0.2624848518906146,157
GESHIP.NS,213,60.65313440845817,0.0,0.2037779781487832,0.0520092667140952,0.057369320996633145,0.0026664394890009604,0.003037397478577171,0.0030373974785771712,0.2709808262414237,158
FLUOROCHEM.NS,83,21.466025812068125,0.0,0.1696372540646771,0.020805765359254384,0.020765818731857046,0.0011534522039526088,0.0012150792201986713,0.0012150792201986711,0.30306251286588654,83
GUJGASLTD.NS,252,75.66337234243916,0.0006644445896782344,0.22193139779694152,0.062148290411238906,0.06552109561903885,0.0033371594942841623,0.0036295274384597342,0.003629527438459737,0.25602419551627215,158
GMDCLTD.NS,273,88.25522291725711,0.0,0.23554035238848248,0.07179383794117297,0.0697821914506659,0.0037603814247098998,0.004192837855966118,0.00419283785596612,0.2587474835864514,158
GSPL.NS,47,12.344206469399952,0.0,0.16479980278562653,0.012840182313294623,0.009271918108695324,0.0008052540343576161,0.0007498805471968436,0.0007498805471968434,0.3304809082189098,47
HEG.NS,196,56.145677633831546,2.1785068514040475e-05,0.20205010510103885,0.050211921665800324,0.05482555166552296,0.0024559007287637373,0.00293243058204632,0.0029324305820463185,0.2935902617058099,158
HCLTECH.NS,32,11.629269277709309,2.1785068514040475e-05,0.1609985091978003,0.005517153004633227,-0.0009809379607403114,0.0009063600361739239,0.0003222077080478395,0.0003222077080478395,0.3260148690936662,30
HDFCAMC.NS,321,101.12237510735804,0.0018626233579504606,0.2493524317953463,0.07452603206540116,0.0740939220388501,0.004446279532835534,0.004352400950549515,0.004352400950549514,0.2090323054493075,158
HDFCBANK.NS,108,30.56652655300987,0.0,0.18179303677337308,0.027393383724738107,0.026564881145954164,0.001530855819540441,0.0015998032641492115,0.0015998032641492109,0.30200229240235227,99
HDFCLIFE.NS,78,21.519006713673367,1.0892534257020238e-05,0.1716011911223944,0.01966639884775288,0.017915818522115805,0.0011742247365490541,0.0011485389825092224,0.001148538982509223,0.3067288943627141,77
HFCL.NS,363,129.56478689126962,0.07503866849661242,0.29058478598131954,0.09149801648055544,0.07724498097501949,0.006070542049925189,0.005343583213364804,0.0053435832133648,0.1982528284335161,158
HAPPSTMNDS.NS,115,30.21725167314797,0.0,0.1761614016940797,0.024293827446679402,0.026149536023688167,0.0015761418401306422,0.0014187858220953298,0.00141878582209533,0.2453073164572286,100
HAVELLS.NS,223,62.22969676073811,0.0009694355488748011,0.20764451982507443,0.05028686276612553,0.0567685046249007,0.0028351554783390695,0.002936807223432573,0.0029368072234325724,0.2420152495172921,157
HEROMOTOCO.NS,110,29.386370790437713,0.0008278326035335381,0.17841262794837626,0.024065317510517277,0.024708255953513496,0.001600131084538952,0.0014054405944507263,0.0014054405944507258,0.2500724902746516,97
HSCL.NS,268,80.32904828929583,0.0012199638367862667,0.22637212390946454,0.06280244218359406,0.06644178111356143,0.003701325648674935,0.0036677306101152904,0.0036677306101152913,0.23524892836916603,158
HINDALCO.NS,244,73.44567962440537,0.00027231335642550596,0.22387875113076666,0.05947081706364084,0.06092848875586893,0.0032683465790489083,0.0034731600964693493,0.003473160096469349,0.2442232372430044,158
HAL.NS,299,104.61759858837912,0.0038668496612421846,0.25657086917063326,0.08281746608724591,0.07384787714961724,0.004425741051216595,0.0048366296732920136,0.004836629673292011,0.253072763897077,158
HINDCOPPER.NS,330,115.99007895892349,0.0024834978106006143,0.27180355449306387,0.0879407965361432,0.07622722348073113,0.005013460777713923,0.005135837717753458,0.0051358377177534624,0.22622834078985138,158
HINDPETRO.NS,201,63.66630556615658,1.0892534257020238e-05,0.21592131916846702,0.057111233854174125,0.05528392686879241,0.002749728587750324,0.003335357882676846,0.003335357882676844,0.30547590650716966,158
HINDUNILVR.NS,10,4.097879226275513,0.0,0.11598830989081467,0.00010005128278773428,-0.007434501012508364,0.0010353729792785165,5.843103225016578e-06,5.8431032250165825e-06,0.40485365221809516,10
HINDZINC.NS,117,32.37559681905216,0.0,0.18563491420479958,0.031405515039100815,0.031709693440768044,0.0015670842759263194,0.0018341160762285864,0.0018341160762285864,0.314058955710982,114
POWERINDIA.NS,74,19.230217154756033,0.0,0.1642897490871729,0.018573373568024958,0.01738430302363686,0.0010690615764539762,0.001084705122921907,0.001084705122921907,0.30617954360487143,73
HOMEFIRST.NS,7,1.713919352201448,1.0892534257020238e-05,0.12929454738596538,0.0009555368311820627,-0.00581268820555723,0.0004976031983436528,5.580438535453239e-05,5.5804385354532385e-05,0.15017631045501348,6
HONAUT.NS,66,17.06626251518962,0.0,0.1628331750169561,0.01697336164258602,0.015361473028498636,0.0009871574537838779,0.000991262694388214,0.0009912626943882137,0.3115208931894864,66
HUDCO.NS,289,100.38457973611676,0.0001416029453412631,0.2517234435787674,0.0810980273999816,0.07257228324936893,0.004247254910000973,0.004736212592582635,0.004736212592582636,0.2610296718705392,158
ICICIBANK.NS,105,30.00756206515251,4.357013702808095e-05,0.18672374789192955,0.026413840731103467,0.024816390252678934,0.001541314184340436,0.0015425968929196504,0.00154259689291965,0.29503007933270964,98
ICICIGI.NS,66,17.71002502439258,1.0892534257020238e-05,0.17056181122080688,0.015774486506506653,0.013073497041728473,0.0010438457328916023,0.0009212470886025344,0.0009212470886025347,0.28866292345507993,64
ICICIPRULI.NS,98,26.807948456053726,0.00019606561662636427,0.17568024019807693,0.023777071922501405,0.022934833548046412,0.0014129023486250908,0.0013886067400712106,0.001388606740071211,0.279996999108126,89
IDBI.NS,282,95.58284072519083,0.0021676143171470274,0.24592031512071855,0.07732631981875057,0.0715637440539232,0.004093492540751191,0.0045159407867881385,0.004515940786788138,0.26127806301895234,158
IDFCFIRSTB.NS,291,93.49190279614176,0.0031806200030499096,0.2424805552949128,0.07321189765558855,0.07169448204692763,0.004068089761516191,0.004275654078404231,0.0042756540784042365,0.23947467462119837,158
IFCI.NS,256,79.50380373051568,4.357013702808095e-05,0.22500498760664137,0.06566762371997395,0.06682430636201146,0.003395795938545204,0.0038350603135334643,0.0038350603135334617,0.26308373092080395,158
IIFL.NS,205,56.31740606514662,4.357013702808095e-05,0.19916921574958152,0.04832791210129301,0.05536064948814055,0.002555184456270781,0.00282240238395025,0.0028224023839502482,0.2666605418839156,158
IRCON.NS,299,101.95475250140797,0.0013179966450994488,0.25339619592953055,0.08016818784089728,0.07323554822172695,0.004347915231325097,0.004681908955737123,0.004681908955737121,0.2457191916599343,158
ITC.NS,20,5.400890765509445,0.0005664117813650524,0.141561007146434,0.0018281280750213293,-0.004994947930447731,0.0009538106496416694,0.00010676465861575102,0.00010676465861575107,0.1688434104891189,15
ITI.NS,72,19.56596212368885,0.0,0.1707705437836038,0.019907586643158216,0.017877181802821645,0.001072048572232421,0.0011626246108580106,0.0011626246108580103,0.3346822860517845,72
INDIACEM.NS,189,54.90851854936865,0.0,0.20090733153404333,0.04957797994158543,0.052852999619106424,0.002416763399623171,0.0028954076990804762,0.0028954076990804793,0.29852310473536187,158
INDIAMART.NS,193,52.374109150958525,8.71402740561619e-05,0.19862246831560776,0.04429707384001002,0.05102815698412955,0.0024142238550142266,0.0025869970659195833,0.002586997065919581,0.25965386219491343,157
INDIANB.NS,186,57.51637536471155,0.0,0.20785057813464647,0.05276791023325412,0.05196954180879707,0.002499075740913776,0.003081703081363296,0.003081703081363298,0.3140221653060299,158
IEX.NS,218,62.54308806112196,0.0,0.20978696824467122,0.05372796778652066,0.05858727560730232,0.0027411138601164124,0.0031377714817814603,0.0031377714817814608,0.2699564979443051,158
INDHOTEL.NS,303,92.68154651550687,0.005141276169313552,0.24309712547148923,0.06870771164068769,0.07123106921127918,0.004211648549715884,0.004012604739141113,0.00401260473914111,0.2130353508403614,158
IOC.NS,295,101.58051418945979,0.0019170860292355618,0.2532289877737464,0.08093535602431196,0.07247809529501205,0.004328642587706113,0.004726712408144128,0.004726712408144126,0.25007048546976807,158
IOB.NS,268,89.2306318060657,0.0001742805481123238,0.23630850151201907,0.07380081381765698,0.06925218160165998,0.0037752003845867724,0.004310047419798441,0.004310047419798442,0.268411314513872,158
IRCTC.NS,357,131.0576542801204,0.057534365945580895,0.29418437924322977,0.09450906378616951,0.07733710023857307,0.00593170677581448,0.005519431635612804,0.0055194316356127985,0.20891476620705676,158
IRFC.NS,260,83.5318871039098,0.00011981787682722261,0.23205389195774728,0.06946004190562675,0.06774247488120286,0.0035592068871880406,0.004056541641046399,0.0040565416410464,0.2677565126232953,158
IGL.NS,184,51.00062308475394,3.267760277106071e-05,0.19653352203582608,0.0449797850909427,0.05002714316264352,0.0022995739709392032,0.0026268681420410465,0.002626868142041047,0.27847436029489797,157
INDUSTOWER.NS,220,65.86668866124806,4.357013702808095e-05,0.21434623892373753,0.05623503418418457,0.057790894281144804,0.002878829525014474,0.003284186873422158,0.0032841868734221607,0.26977158239899635,158
INDUSINDBK.NS,86,23.59962967217877,0.0,0.17419841087593635,0.02280808509994102,0.021064712824183703,0.001254394384470634,0.0013320168606599367,0.0013320168606599364,0.31364987604040556,83
NAUKRI.NS,223,62.99612550826173,0.004651112127747641,0.20845835745148875,0.04491421886825194,0.04996409462927803,0.0030573758218134487,0.0026230390036573853,0.002623039003657387,0.2046766075831025,150
INFY.NS,30,11.552408613289916,0.0003158834934535869,0.1611633386676083,0.004339792768932508,-0.0025499658652934462,0.0009263900054752014,0.000253448595735164,0.0002534485957351641,0.3024905651848641,29
INOXWIND.NS,218,62.162232532348774,0.0,0.2060297529615685,0.053798498275520565,0.05954774105148264,0.0027093288222278,0.0031418905386916152,0.003141890538691618,0.27577405402591565,158
INTELLECT.NS,106,27.409853270731457,1.0892534257020238e-05,0.1725425437226204,0.022845936363866035,0.023830557159246524,0.0014571556866841166,0.0013342274154489286,0.001334227415448928,0.24798713143488466,94
INDIGO.NS,179,49.81588190154838,0.0008822952748186393,0.19890730508779939,0.04281729214069103,0.04627864409104552,0.002381279380617123,0.002500576212746162,0.002500576212746162,0.26399757483338526,148
IPCALAB.NS,26,7.190104313608794,4.357013702808095e-05,0.14226431782580398,0.0027261696057565366,-0.0037239061941289216,0.0008226971521888187,0.00015921125618282377,0.0001592112561828238,0.20561796332704288,21
JBCHEPHARM.NS,1,0.2348883090173223,0.0,0.08957647877178884,8.482226221302202e-06,-0.007216841174825374,0.0003812529370039419,4.953711937322589e-07,4.953711937322581e-07,0.0,1
JKCEMENT.NS,167,46.18801292751587,5.446267128510119e-05,0.19312642858209955,0.04010214913058328,0.044053265038081886,0.0021418304934846203,0.0023420089216860352,0.002342008921686034,0.27212827346624474,147
JBMA.NS,160,42.9162447361164,0.0,0.18372353796604682,0.038251940078625334,0.04359030874425146,0.0019728011556572485,0.0022339547101134895,0.0022339547101134878,0.2833804636219345,148
JKTYRE.NS,255,75.05783959105813,0.0020695815088338453,0.21966249159639697,0.06046920065593678,0.06524681381621816,0.0032951653602832465,0.0035314667790565654,0.0035314667790565636,0.24547865304608266,158
JMFINANCIL.NS,250,74.17055901592616,5.446267128510119e-05,0.22022449222022678,0.061071615475523845,0.0656383103384416,0.003225063328767102,0.00356664845666279,0.0035666484566627857,0.25849283598042433,158
JSWENERGY.NS,253,78.39019962621566,0.0,0.22655758696135375,0.06499523809481782,0.06586964508292384,0.0033613610425837236,0.003795792265135326,0.0037957922651353274,0.2623913107762355,158
JSWSTEEL.NS,250,76.45643583088247,0.0004357013702808095,0.22813047224247177,0.060410137968791015,0.06120003261175759,0.003449911155603332,0.0035280174541891165,0.0035280174541891156,0.23797160680408458,158
JPPOWER.NS,218,64.83077271121195,3.267760277106071e-05,0.2092375207995291,0.05584579559195822,0.05956670679061435,0.0028090457144708397,0.0032614549182670813,0.0032614549182670813,0.2842334038212142,158
J&KBANK.NS,255,82.58971172225667,0.0009149728775896999,0.22946681269207317,0.06930579195133504,0.06715139046983777,0.003525453389508049,0.00404753327673294,0.004047533276732941,0.27456284234367423,158
JINDALSAW.NS,261,81.08700949841425,6.535520554212142e-05,0.22786295904342413,0.06672354366658134,0.0684072564789871,0.003467454105208153,0.0038967271814982726,0.0038967271814982682,0.26364659483532055,158
JSL.NS,163,44.638080289269205,0.0,0.1885607535066572,0.04159330452680423,0.04625868955318846,0.002016011662156624,0.0024290940110710917,0.0024290940110710912,0.3030583078465971,155
JINDALSTEL.NS,281,87.28307306859732,0.0,0.23506074975135155,0.06948227430737342,0.07005074283391988,0.003758942437546129,0.0040578400373760225,0.004057840037376021,0.24041949777694968,158
JUBLFOOD.NS,99,25.600101445936488,0.0019061934949785417,0.17860204281593717,0.01893544249075496,0.01858384936376053,0.0015762963533522516,0.001105850339965954,0.0011058503399659534,0.21401229074082465,86
JUBLINGREA.NS,70,18.206356671403917,0.0,0.1663052787416815,0.015432975141139022,0.014447207471060968,0.0010558615963251114,0.0009013024551629722,0.0009013024551629721,0.272475369059325,69
JUBLPHARMA.NS,68,17.18504851702654,0.0,0.16422916077242775,0.015187829109972755,0.01387718192498346,0.0010355022018407479,0.0008869856615607691,0.0008869856615607689,0.2657897819988564,66
JWL.NS,225,69.97717989381447,1.0892534257020238e-05,0.21671406608507005,0.060073088786295525,0.06085316268511305,0.0030035631915549224,0.003508333417059813,0.0035083334170598135,0.2876647091359768,158
JYOTHYLAB.NS,3,0.7095294987893861,0.0,0.11911937516600904,0.000401102205256289,-0.0065784979759983386,0.00044367577684033906,2.342480299894362e-05,2.3424802998943622e-05,0.0955573795013121,3
KPRMILL.NS,7,1.7840677323241507,0.0,0.1325605578364915,0.001347955051019635,-0.005205502070989365,0.0004353218648740846,7.872203420420058e-05,7.872203420420057e-05,0.22444066701555684,7
KEI.NS,86,21.80636100753078,0.0,0.1680445739337835,0.019059548779581832,0.019583640128049466,0.0011919593217275509,0.0011130982815843306,0.0011130982815843308,0.2652651699279063,82
KPITTECH.NS,113,29.833155167617896,0.00013071041108424285,0.1713681119071661,0.023334922885458444,0.024678247377029592,0.0015613109168342043,0.0013627847576608001,0.0013627847576607995,0.23657470162532274,98
KSB.NS,43,10.766576804198987,0.0,0.15882117542479834,0.011299137564437272,0.007952426250879982,0.0007472506166849341,0.0006598818656102544,0.0006598818656102542,0.3214322596474193,43
KAJARIACER.NS,58,14.614691841505874,1.0892534257020238e-05,0.16218562850374973,0.013216141211290463,0.011343212349771573,0.0009317795805521894,0.0007718369538329665,0.0007718369538329662,0.27138870049905567,56
KALYANKJIL.NS,120,31.254081345434297,0.0,0.17516966656565763,0.028051548455482248,0.030628929393413516,0.0015437323056408988,0.0016382407969189044,0.0016382407969189037,0.2737655315550869,113
KARURVYSYA.NS,169,48.68336411945677,0.0,0.19540146680868575,0.044303689876445985,0.04646564965957746,0.002188111558671819,0.002587383449609612,0.0025873834496096125,0.2976548313131223,153
KAYNES.NS,182,50.68462906717487,0.0,0.19560707530950766,0.04413642109490481,0.048709463927991324,0.002286408592204507,0.0025776147716912996,0.0025776147716912966,0.2746413908587614,156
KEC.NS,152,40.55846293577584,0.0,0.18351509106372196,0.0364412266790799,0.040804454154911594,0.0019052646506792152,0.002128207087397737,0.0021282070873977358,0.2793552238637837,140
KFINTECH.NS,140,37.8980361671195,1.0892534257020238e-05,0.18440902095033807,0.03417592883931511,0.03738885663879215,0.001811725106105428,0.0019959112412641622,0.0019959112412641614,0.28561050198832755,131
KIRLOSBROS.NS,193,52.91169214169159,5.446267128510119e-05,0.19303210864803882,0.04579047012244871,0.05199825502233577,0.0023856283152005006,0.002674213025485624,0.0026742130254856244,0.2712316753863895,158
KIRLOSENG.NS,202,57.46190195287132,0.0,0.20037366655079458,0.05013420357960578,0.055190308064264865,0.0025267972333195402,0.0029278917616790785,0.0029278917616790776,0.2807071991573591,158
KOTAKBANK.NS,53,14.245115424112464,3.267760277106071e-05,0.16576670252170064,0.011949220387640324,0.008129157442976874,0.0009596940881306646,0.0006978474062304994,0.0006978474062304995,0.2862593003497293,51
KIMS.NS,2,0.48429556686025177,0.0,0.12064078712002921,0.0004235781607411113,-0.00651574760871905,0.00036767635212229486,2.473742313053459e-05,2.4737423130534588e-05,0.29383867441032185,2
LTF.NS,334,112.70054878311461,0.017275559331634098,0.26683499875070027,0.08269704309668913,0.07592674428308184,0.005051444406768489,0.004829596840279949,0.004829596840279948,0.2129823142431102,158
LTTS.NS,144,40.61708173001723,0.0011655011655011655,0.18868979236751307,0.029389195648634587,0.03143559611984578,0.0020700648995462018,0.0017163608410649144,0.0017163608410649138,0.22663256295792367,114
LICHSGFIN.NS,344,122.85865199279702,0.022275232555606386,0.28136388551827346,0.0901993554414907,0.07696542741449368,0.005466143238912855,0.005267740002821847,0.00526774000282185,0.21567814831955878,158
LTIM.NS,43,14.415860011530372,0.0,0.16475084483017888,0.007239931136264244,0.001670726963230077,0.0010303429340824538,0.00042281981592333525,0.0004228198159233355,0.2691085529669179,39
LT.NS,272,83.92340487171947,0.00011981787682722261,0.23112957141569235,0.06715697666259413,0.06803979334198307,0.0036329079054640543,0.003922040137676996,0.003922040137676994,0.24245902010272713,158
LATENTVIEW.NS,218,60.9247910351884,1.0892534257020238e-05,0.2023369820318081,0.05112239632556795,0.05771569043936865,0.002704815889528901,0.002985603287808334,0.0029856032878083326,0.258684223049971,158
LAURUSLABS.NS,265,76.47178774626074,0.010195412064570943,0.22193887772845944,0.056534014990439564,0.0623455581041963,0.0036730671796177798,0.003301647676168212,0.003301647676168214,0.21120835391837867,158
LEMONTREE.NS,239,69.93613912264703,0.001328889179356469,0.21689412342810444,0.05747161252435779,0.06230369368394714,0.0032351399555363594,0.003356404387142404,0.003356404387142406,0.25534739788735394,158
LICI.NS,291,97.76338463898936,0.0005881968498790928,0.24735539433307152,0.07792673222893977,0.07264413911962689,0.004150438873562614,0.004551005521517822,0.004551005521517825,0.2516248807299879,158
LINDEINDIA.NS,157,41.845880355978714,0.0,0.18402512228607035,0.03774371794401698,0.042875766112622046,0.0019254152240086838,0.0022042739872780307,0.0022042739872780302,0.2859484321088466,146
LODHA.NS,136,37.74936523826713,0.0,0.1940544435895367,0.03486178537970624,0.03632697939399686,0.0017837067381583204,0.002035966005694923,0.0020359660056949204,0.29520297063394924,125
LUPIN.NS,75,21.56101509912856,0.0019061934949785417,0.16993943041017967,0.015154528372461888,0.012015164335720545,0.0015045793185997406,0.0008850408624405221,0.0008850408624405219,0.2309910566856912,63
MMTC.NS,220,65.7838060333493,0.0,0.2120962225328261,0.05625895394239547,0.05930284145093591,0.0028517863561579168,0.0032855838131959384,0.0032855838131959367,0.2791124955913361,158
MRF.NS,136,36.73781775513232,4.357013702808095e-05,0.1870741260375716,0.03194113583191687,0.03457337814133013,0.0017764654628477515,0.0018653969103637066,0.0018653969103637087,0.2725706253476832,122
MGL.NS,232,68.02166821085574,0.00027231335642550596,0.21556183687263156,0.05673909192841542,0.06081156103971138,0.0029776375327647026,0.0033136243913514207,0.003313624391351417,0.2598908458848585,158
MAHSCOOTER.NS,57,14.316971970040058,0.00011981787682722261,0.1632623020477144,0.01229235995012048,0.010255132673693202,0.0009529605901553953,0.0007178871281440354,0.0007178871281440354,0.25607872931672504,56
MAHSEAMLES.NS,235,68.7899916372653,0.0,0.21153150120741346,0.05836698639803858,0.06357743035343003,0.0029691380004279867,0.0034086951906496382,0.0034086951906496356,0.2719254689612766,158
M&MFIN.NS,272,81.49116307966594,0.00039213123325272854,0.22727128220982037,0.06307352405502113,0.06586333263595247,0.003705601203746838,0.003683562084865493,0.003683562084865489,0.22639398312269232,158
M&M.NS,158,44.073444356651926,0.0005446267128510119,0.19293246567029707,0.03412532951442889,0.035537873556224,0.0021977054665617765,0.00199295618591466,0.0019929561859146593,0.2353890925212652,122
MANAPPURAM.NS,250,74.24167985195837,0.0003158834934535869,0.21883881713140074,0.06121172964034466,0.06527031633763236,0.0032049331466940147,0.0035748312755684883,0.003574831275568488,0.25616863143896146,158
MRPL.NS,197,59.40367224204511,0.0002940984249395464,0.20575333101568807,0.05284578167823038,0.054885489527830546,0.0025845366160499846,0.0030862508580494076,0.0030862508580494085,0.3028084647263041,158
MANKIND.NS,6,1.458494169090758,1.0892534257020238e-05,0.13142310790371686,0.0010548092260371613,-0.005723336456810744,0.00045828289247484014,6.160200068110014e-05,6.160200068110018e-05,0.19284026965982495,6
MARICO.NS,12,4.193471531268207,1.0892534257020238e-05,0.11500006434347074,0.00010319016165351578,-0.007488134213422582,0.0010653260164040308,6.02641714876254e-06,6.026417148762547e-06,0.2992001505101265,10
MARUTI.NS,81,21.975510917850883,0.0021240441801189465,0.17024156585580816,0.017688096064027832,0.015627043856988005,0.001326836830806501,0.0010330039583339972,0.001033003958333997,0.26535787261357746,75
MFSL.NS,109,28.89597191399278,8.71402740561619e-05,0.17430936131561817,0.02658187535965829,0.02808457591223019,0.0014502919503748216,0.0015524102971326292,0.0015524102971326292,0.2885501507851202,102
MAXHEALTH.NS,2,0.5396617014484426,0.0,0.13413737454149338,0.0003259764864743304,-0.00681372894797798,0.0003939482699796251,1.9037379694957954e-05,1.903737969495797e-05,0.3164877023532759,2
MAZDOCK.NS,233,70.68730533430646,0.00016338801385530356,0.21608459216940543,0.059741969822331015,0.0622643224560648,0.0030739939147970967,0.0034889957111124514,0.0034889957111124527,0.27301424004567304,158
METROPOLIS.NS,63,16.51720335030279,0.0010674683571879832,0.16492367611524503,0.012529729634330996,0.009958634598490947,0.0011049794408724855,0.0007317497746657604,0.0007317497746657606,0.2377912550029734,57
MINDACORP.NS,219,62.26340351757247,0.0,0.20615068761644484,0.05320298359142495,0.05915232268108994,0.0027268520053973233,0.0031071118364678196,0.003107111836467817,0.269783308104442,158
MSUMI.NS,198,54.66782627213633,0.0,0.19758527592110867,0.047149880681500146,0.053288372888019055,0.0024400301827935777,0.002753604073760004,0.002753604073760005,0.2685237478558374,158
MOTILALOFS.NS,2,1.643863098630502,0.0,0.09065580105557246,1.162056856233516e-06,-0.007269838257642448,0.0019227239237565772,6.786537838519701e-08,6.786537838519329e-08,0.9051233879060965,2
MPHASIS.NS,155,45.00786112266796,0.004313443565780014,0.19098988331219896,0.032724985108561366,0.03503729362578835,0.002271973054172205,0.001911174556673404,0.0019111745566734038,0.23502982218646656,122
MCX.NS,240,69.78792810338315,9.803280831318213e-05,0.21353408949079375,0.05798016866495734,0.0627258997076758,0.0030389344023699126,0.0033861046162893265,0.003386104616289327,0.25604056067446584,158
MUTHOOTFIN.NS,99,26.886478325366344,0.00010892534257020238,0.17643273600238826,0.02393058517225278,0.022915200394850926,0.0014087251900612077,0.0013975720800419931,0.0013975720800419936,0.2823469297463069,90
NATCOPHARM.NS,79,19.851547234269145,0.0,0.16360285118474557,0.016057873326330158,0.01567913584283355,0.0012034563406530783,0.000937797185659771,0.0009377971856597715,0.23841406782633046,71
NBCC.NS,282,96.42343681437772,0.0026251007559418772,0.24792531673123566,0.07783011977684864,0.07106932957725016,0.00413927566656972,0.004545363249728184,0.004545363249728187,0.2609000230157397,158
NCC.NS,304,103.22596905309771,0.00041391630176676903,0.25401789213637593,0.08054882320765808,0.07387443694245747,0.0044328352161694924,0.004704138473211613,0.004704138473211613,0.2417943375613587,158
NHPC.NS,270,92.43067025829657,0.0009476504803607607,0.2446170585690255,0.07616963800209707,0.06916382354571494,0.003936238394247954,0.004448389316533184,0.004448389316533174,0.27059630332950857,158
NLCINDIA.NS,257,82.41010699152807,0.0,0.23097791312477473,0.06902335057270637,0.06750376098795471,0.0035315176153234624,0.004031038394464966,0.004031038394464968,0.2718375176259154,158
NMDC.NS,317,111.11602884839964,0.0005119491100799512,0.2642811095361514,0.08617025967160374,0.07539541115889409,0.00472643426340197,0.005032436448175041,0.00503243644817504,0.2375899049281685,158
NSLNISP.NS,272,88.7918692772327,0.00011981787682722261,0.23907956585162252,0.07228536298680187,0.06944594069446584,0.003802642783241778,0.004221543450729799,0.004221543450729795,0.2598960365435629,158
NTPC.NS,289,97.56309100042019,0.00010892534257020238,0.24853561024777618,0.0782971136045493,0.07182777081979036,0.004146270211700607,0.0045726361948086516,0.004572636194808648,0.25201496450226535,158
NH.NS,1,0.2751683458316877,0.0,0.10234301132833502,1.9584935626744443e-05,-0.0071994866656291305,0.0003820816604896732,1.1437814422145236e-06,1.1437814422145242e-06,0.0,1
NATIONALUM.NS,320,110.3571555882823,0.002886521578110363,0.2636905144394952,0.08465918679678527,0.07510856783108119,0.004765971166402583,0.004944188156478281,0.00494418815647828,0.23007745058861365,158
NAVA.NS,222,62.933039186558325,4.357013702808095e-05,0.2046116650842029,0.053330191705965986,0.05986516374083728,0.0027842412448001778,0.003114540928065773,0.00311454092806577,0.2680508914094426,158
NAVINFLUOR.NS,99,26.702884392379314,0.0,0.17956741370856397,0.024438824459300297,0.024645132575601664,0.0013679460783855095,0.0014272538045984667,0.0014272538045984665,0.29535682988172957,97
NESTLEIND.NS,21,6.523128376411997,0.0003703461647386881,0.12785245243448126,0.0011887558422338412,-0.0058534005555728385,0.0011885558136077554,6.942462807048975e-05,6.942462807048979e-05,0.18891738601343197,15
NEULANDLAB.NS,8,1.951578478837285,0.0,0.14175419534309805,0.0018179852178304666,-0.004499953147332166,0.00042501730196134495,0.00010617230477568556,0.00010617230477568556,0.3063210312407532,8
NEWGEN.NS,50,12.372852077414803,0.0,0.15388339828153036,0.010130581455388237,0.007550191904900219,0.0008396104281102583,0.0005916369238249161,0.0005916369238249162,0.2498492312753853,49
NAM-INDIA.NS,301,91.96382261052317,0.0012090713025292464,0.23821539696224456,0.07002629130521949,0.07253847373882533,0.004069999463610824,0.004089611218974186,0.004089611218974188,0.22146683737920705,158
NUVOCO.NS,232,66.52969740734123,0.0001416029453412631,0.2103014053862869,0.05570487466263414,0.061630999276849716,0.0029361572759711053,0.0032532249834410303,0.0032532249834410294,0.2613578537626791,158
OBEROIRLTY.NS,331,104.72098996292533,0.002940984249395464,0.2554267107842813,0.07568291195607763,0.07537519348969472,0.004743777115077161,0.00441996398854184,0.004419963988541831,0.2035867232864261,158
ONGC.NS,268,86.89744660441927,0.0005555192471080321,0.23581145166355494,0.07100633178250701,0.06797686041471628,0.0037166747323554845,0.004146846643787621,0.00414684664378762,0.2571131478635907,158
OIL.NS,151,44.500268348039036,1.0892534257020238e-05,0.19478364832991849,0.041754022315315685,0.041782170296140314,0.002016259468055241,0.002438480103904716,0.002438480103904714,0.31327094883078016,141
OLECTRA.NS,173,48.26097566895875,6.535520554212142e-05,0.19162252999649207,0.04279570803601318,0.04719797129243834,0.002172988998064201,0.002499315677667168,0.002499315677667168,0.28769558755374364,154
PAYTM.NS,27,6.631491100976497,0.0,0.15041222649716918,0.005792720935226393,0.0013523308018556963,0.0006044354634535198,0.00033830117350970855,0.00033830117350970866,0.26731951437280105,27
OFSS.NS,148,40.52642322509845,0.00016338801385530356,0.18665796598982765,0.031860379624915315,0.03464351217931154,0.0020322352164707453,0.001860680660452431,0.0018606806604524288,0.2406839655681102,122
POLICYBZR.NS,109,27.93085766821482,0.0,0.17201060603290608,0.023399834791112573,0.024955917214410143,0.001454229272907118,0.001366575683221188,0.001366575683221188,0.24723303021595164,98
PCBL.NS,282,84.41800062901835,0.0004357013702808095,0.22965838422088605,0.0656690383883565,0.06975742741122733,0.0037461349595326664,0.00383514293169845,0.003835142931698449,0.23093656306382407,158
PGEL.NS,185,49.30862939480242,0.0,0.19053688315739759,0.04172866327769151,0.04871236127040013,0.002256248365854826,0.002436999108655114,0.0024369991086551153,0.2568636048595791,155
PIIND.NS,159,42.38112090586466,2.1785068514040475e-05,0.19066266660478942,0.03463926447588652,0.03862465806900226,0.0020885308681133628,0.0020229705440225217,0.0020229705440225217,0.24406828853906437,132
PNBHOUSING.NS,200,55.64718808466652,0.0,0.19811268693645223,0.04836478322322347,0.0541582256413704,0.0024706913136081877,0.0028245556973857115,0.002824555697385713,0.27238278141790806,158
PTCIL.NS,90,23.93095920974523,0.0,0.17024501247340781,0.023454841297223313,0.022876186929255044,0.0012438332796426566,0.0013697881227251836,0.0013697881227251849,0.3104616965288586,89
PVRINOX.NS,236,67.33820077498693,0.0,0.21157480780180862,0.05575386200775149,0.06260608463777935,0.002953434002568226,0.0032560858974269844,0.0032560858974269836,0.25797922840072174,158
PAGEIND.NS,28,7.174263680107544,0.0,0.15149819936833664,0.0053576474990384895,0.0004655764441489565,0.0006606221774208576,0.000312892413848906,0.000312892413848906,0.2609130249713946,28
PATANJALI.NS,239,70.23357479996375,3.267760277106071e-05,0.21569782781729283,0.0584930509203385,0.06264233803420098,0.003073435201940634,0.0034160574952227197,0.0034160574952227184,0.2591529055774055,158
PERSISTENT.NS,90,26.571472042888384,0.00039213123325272854,0.17485726243468958,0.018382020752390694,0.01669090161967569,0.0014866273586173484,0.001073529911340455,0.001073529911340455,0.24758988988127084,82
PETRONET.NS,239,74.49117304978975,8.71402740561619e-05,0.22335957485694954,0.06296393751112134,0.06301458333187121,0.0032162019496341093,0.003677162112069162,0.0036771621120691633,0.2726282527445847,158
PFIZER.NS,0,0.0,,,,,,,,0.0,0
PHOENIXLTD.NS,50,12.858215620047208,0.0,0.16327885634770428,0.012141584744546767,0.00872954209056332,0.000847337398184863,0.000709081692917289,0.0007090816929172892,0.29009922336464716,49
PIDILITIND.NS,40,10.597178475481066,0.0008931878090756595,0.1529137656258633,0.0052909004309200855,0.00016428102872581056,0.0011535352133455528,0.0003089943128139541,0.0003089943128139541,0.1655509779538652,31
PPLPHARMA.NS,154,40.03697493916178,9.803280831318213e-05,0.18097224114936145,0.033920950119462445,0.039284982142006764,0.0019562172361213695,0.001981020207998327,0.0019810202079983265,0.2538125142622628,135
POLYMED.NS,12,2.9454102686518144,0.0,0.140282806140426,0.002940321320016448,-0.003077432870168733,0.0004608939283967943,0.00017171794812489204,0.0001717179481248921,0.3112159285805222,12
POLYCAB.NS,191,52.4831614287326,0.0002832058906825262,0.19498276053195346,0.04564491718640167,0.05164857297270636,0.0023552775310709245,0.002665712576452586,0.0026657125764525855,0.2717105576563996,157
POONAWALLA.NS,215,61.324741170225685,0.0,0.20444163961013637,0.052064883433464264,0.057223834010898415,0.0027025290150846717,0.003040645555196037,0.003040645555196036,0.2661337856364476,158
PFC.NS,318,114.11347560895742,0.0016556652070670761,0.26797228667963335,0.08800519652986936,0.07504784194198254,0.0048754365320791805,0.0051395987471030856,0.005139598747103092,0.23833457154802706,158
POWERGRID.NS,221,69.53843641776616,0.0,0.22226663619634576,0.06057894834703254,0.059371241098208044,0.002997433502903275,0.0035378761630235856,0.003537876163023587,0.28806425062177143,158
PRAJIND.NS,288,87.42075818035157,0.002657778358712938,0.23310268389523597,0.06768298827237373,0.0708230110308132,0.003926122015071435,0.003952759785120398,0.0039527597851203985,0.2298441479512401,158
PRESTIGE.NS,195,54.436805185592455,0.0,0.2053191459702027,0.046564390196200976,0.051668148589673245,0.0024351604497236485,0.002719410795597584,0.0027194107955975802,0.2661851854031454,156
PGHH.NS,0,0.0,,,,,,,,0.0,0
PNB.NS,311,111.35662460458815,0.0015794174672679345,0.2628843943487834,0.08744597436916626,0.07498338749429308,0.004719391925282805,0.005106939567533767,0.0051069395675337696,0.2463523727266472,158
RBLBANK.NS,285,91.77121739643135,0.0008822952748186393,0.2392527529668541,0.07322842907918653,0.07180440416663006,0.003925041689162862,0.0042766195314384026,0.0042766195314384026,0.24871368854428763,158
RECLTD.NS,332,120.0993789086901,0.006165174389473454,0.27491262271567757,0.09097812119372481,0.07625988738370201,0.005175475168484968,0.005313220765802827,0.0053132207658028304,0.2283017800066396,158
RHIM.NS,81,20.434704556127897,0.0,0.1634565522847158,0.019747171457721268,0.019950104027704012,0.0011136736986960436,0.0011532561903715198,0.001153256190371519,0.2986452610264752,81
RITES.NS,270,89.293714002531,0.0,0.23917171883025473,0.07309099270094034,0.0694267238665483,0.0037918238720356496,0.004268593098167489,0.004268593098167485,0.26535599903015766,158
RADICO.NS,8,1.924012934783463,0.0,0.13335433644226583,0.0015888361308630133,-0.00479786846948535,0.0004240172807474367,9.278975003213674e-05,9.278975003213672e-05,0.22984202346566548,8
RVNL.NS,226,70.82900221276466,0.0,0.2205720205616104,0.061503649641302366,0.061382702704720876,0.003033701955162531,0.003591879719641526,0.003591879719641534,0.28923739898867856,158
RAILTEL.NS,300,100.49914321156976,0.0026359932901988976,0.2512595295503808,0.07830942699060042,0.07284483526915297,0.004345832586907333,0.0045733553098838645,0.004573355309883856,0.23974595156611175,158
RAINBOW.NS,0,0.0,,,,,,,,0.0,0
RKFORGE.NS,224,65.3809971263569,0.0,0.20878299461826486,0.05540073100162448,0.05993132581062677,0.002881767160112511,0.00323546266438827,0.0032354626643882715,0.27046131788856964,158
RCF.NS,332,114.41902194973807,0.015761497069908283,0.2683242531037036,0.08480473979691132,0.0756734569229668,0.00511452135808864,0.00495268860925361,0.004952688609253599,0.21764940046703882,158
REDINGTON.NS,81,20.107083814436166,0.0,0.1649414404666599,0.019539408922129967,0.020178183353250265,0.0011004756742594613,0.0011411226333802845,0.0011411226333802838,0.2981664375656185,81
RELIANCE.NS,248,75.8090318605316,0.005239308977626735,0.22449356366381423,0.060829286644775236,0.06210883139700924,0.0034334916041515,0.0035524961906147254,0.003552496190614724,0.24704431609669394,158
RELINFRA.NS,199,56.71852625417692,2.1785068514040475e-05,0.2010187324616204,0.05039862614451908,0.05588859903374282,0.0024776498660017787,0.002943334325719862,0.00294333432571986,0.2932569209485223,158
RPOWER.NS,212,61.60129569743037,0.00010892534257020238,0.20553477656703298,0.053065478303034194,0.05797473262996414,0.0026823391668608144,0.0030990813787698697,0.003099081378769869,0.28140616031608173,158
SBICARD.NS,116,31.167781921953214,0.0001416029453412631,0.18138767535464626,0.02686345699993953,0.02758049976670753,0.0016542295639685634,0.001568854969750407,0.0015688549697504069,0.2642742878019175,103
SBILIFE.NS,91,25.241953995145387,0.0002614208221684857,0.17474091950746232,0.021349671264315275,0.019846424179878232,0.0013478444354528478,0.0012468439138579172,0.0012468439138579174,0.28723221591586534,84
SJVN.NS,283,96.9270208833843,0.0005773043156220726,0.24980004428510044,0.07792278715306672,0.07055570473291102,0.0041459790544787585,0.004550775124816106,0.0045507751248161105,0.25718359635433885,158
SKFINDIA.NS,0,0.0,,,,,,,,0.0,0
SRF.NS,226,63.426151823754815,0.0008822952748186393,0.2113962242168541,0.04892273924297991,0.05424328180924209,0.0029840681275932293,0.0028571409329530835,0.0028571409329530843,0.22428541915233155,157
SAMMAANCAP.NS,278,88.71550958672697,1.0892534257020238e-05,0.2393193112140325,0.0708802003806567,0.06997075552014091,0.0038177493871112103,0.004139480433376406,0.004139480433376401,0.24902737928687194,158
MOTHERSON.NS,319,99.20383159750043,0.0005010565758229309,0.24600020272377499,0.07424450167295103,0.07560219790565956,0.004285471266472777,0.004335959270860556,0.00433595927086055,0.21547531277618495,158
SAPPHIRE.NS,6,1.6232742493981138,0.0,0.13775926466679503,0.001217413404484628,-0.005570900670862589,0.0004198661059854375,7.109826072909274e-05,7.109826072909276e-05,0.2982343345213573,6
SARDAEN.NS,196,54.411418389010876,0.0,0.1961266572218625,0.0476378327596601,0.05364253728195283,0.002429761038027241,0.0027821010033555866,0.002782101003355586,0.2769288471875511,158
SAREGAMA.NS,6,1.5188940717480917,0.0,0.13737065294329076,0.0014230376190221673,-0.005173898326141838,0.0004067377429064424,8.310693745595514e-05,8.31069374559551e-05,0.3096149919527053,6
SCHAEFFLER.NS,142,37.61283899064653,6.535520554212142e-05,0.1796410533502491,0.03376465337911659,0.03764788629036725,0.001802306070654683,0.001971892309163566,0.001971892309163566,0.2782534183518605,132
SCHNEIDER.NS,250,71.96380800399906,1.0892534257020238e-05,0.21500923470532873,0.0588533065307435,0.0653723511738533,0.003156833548507507,0.0034370968128639937,0.0034370968128639933,0.25121110773772976,158
SCI.NS,225,69.72327500734086,0.0,0.21719304092154665,0.06052836981879093,0.06109442098992268,0.0029876133488216565,0.0035349223222206493,0.0035349223222206497,0.288486272505243,158
SHREECEM.NS,50,13.871901071631148,0.0,0.1689040007541651,0.012714907545798357,0.008815886879460388,0.0008803301790318828,0.0007425643651592415,0.0007425643651592416,0.32054477692272165,50
SHRIRAMFIN.NS,254,77.27592231817256,0.00039213123325272854,0.22376639429152234,0.062130016395340056,0.06390324983976108,0.003457429265001565,0.00362846021614876,0.00362846021614876,0.24611087122043177,158
SHYAMMETL.NS,249,76.0461322054191,0.0007406923294773762,0.22395796500368276,0.06273286995132207,0.06469174376252619,0.0034010471702461444,0.0036636675164353994,0.0036636675164354,0.26062537905254246,158
SIEMENS.NS,266,82.93357260515982,0.0004357013702808095,0.23083222001832737,0.06620947327580153,0.06636576608926009,0.00361525626452567,0.003866704914171392,0.0038667049141713895,0.24415939387531324,158
SOBHA.NS,145,39.75476987616354,0.0,0.19569453708556772,0.036600291756405154,0.03917128398357607,0.0018537168505120753,0.002137496660108946,0.002137496660108949,0.2905917636644945,132
SOLARINDS.NS,139,37.93609338817777,0.0,0.18837095740018078,0.035338075342482005,0.037894521598431694,0.0017752917859561973,0.0020637818551272834,0.002063781855127284,0.29749390035589224,132
SONACOMS.NS,151,40.726074665762184,0.0,0.18724324076650622,0.03613448528463998,0.03998558655679469,0.0019035723853834557,0.0021102930579004774,0.0021102930579004766,0.2758417760191963,135
SONATSOFTW.NS,58,15.1197642000651,3.267760277106071e-05,0.15720267733966709,0.010179625723420741,0.007180967320445677,0.0010027477064972778,0.0005945011621707381,0.0005945011621707381,0.2208111859554643,51
STARHEALTH.NS,3,0.6956597118951788,0.0,0.1302466067167123,0.0005531616460570037,-0.006430387256955829,0.00038276199322964986,3.230523895319206e-05,3.230523895319207e-05,0.2818103880911949,3
SBIN.NS,272,93.46743734958207,0.0012635339738143476,0.2449735877344451,0.07699083531816507,0.06984097395384496,0.003966960962230102,0.0044963481287762135,0.004496348128776213,0.2705692149445835,158
SAIL.NS,335,122.15729863513148,0.009901313639631397,0.278936896884736,0.09228957444217575,0.07662819836857482,0.00530334712930965,0.005389811055222096,0.0053898110552221025,0.2279082243262871,158
SUMICHEM.NS,82,20.713347166379513,0.004662004662004662,0.16595240832075883,0.017726390186300924,0.017791474012784178,0.0014708646101047052,0.0010352403765299324,0.0010352403765299318,0.2571026479941713,78
SUNPHARMA.NS,33,9.764358536140975,0.0002832058906825262,0.1498467847634458,0.004448851522110922,-0.0013889713864591359,0.001003242034244498,0.000259817744982006,0.000259817744982006,0.20778108079345262,27
SUNTV.NS,169,45.250989138132,4.357013702808095e-05,0.19189023396794253,0.038864509696995696,0.04410209577967708,0.0021282763400551122,0.002269729438961703,0.0022697294389617028,0.2618927720082281,145
SUNDARMFIN.NS,6,1.4246035243297672,0.0,0.1307266219460116,0.001235112027018995,-0.005389767938122807,0.00040505448590189865,7.21318794446895e-05,7.213187944468947e-05,0.2671761517854823,6
SUNDRMFAST.NS,20,4.906514369747863,0.0,0.14015942499476655,0.004441048123098624,-0.0007438174123721626,0.0005373574776166666,0.0002593620180321421,0.0002593620180321422,0.27773003410448543,20
SUPREMEIND.NS,56,14.22529709209306,0.0,0.1581589633286415,0.01286197333516018,0.010681363662168427,0.0008966196898270282,0.0007511531664635971,0.0007511531664635966,0.2825316884447565,55
SUZLON.NS,223,63.51512432239886,0.0,0.20484063854094067,0.053459458436691185,0.059487957698843304,0.0027755168213509855,0.003122090245077434,0.0031220902450774346,0.2641933202056345,158
SWANCORP.NS,217,62.429567340556154,0.0,0.20614626183085175,0.0533339694490279,0.058664332059977904,0.0027242220852663843,0.0031147615523501745,0.003114761552350175,0.2737580932624565,158
SYNGENE.NS,97,25.403904941490534,0.00019606561662636427,0.17116950769830908,0.01813886372153437,0.017691378643468047,0.0015560377145902565,0.0010593292775095396,0.0010593292775095393,0.2167339822853546,81
SYRMA.NS,189,51.59697830491597,0.0,0.1924909789513824,0.04496362983729397,0.05186353137750252,0.002297310198296415,0.002625924657739141,0.0026259246577391413,0.2780632048382202,157
TVSMOTOR.NS,182,50.47909181963931,0.0013615667821275297,0.19698887863504436,0.039142569127873734,0.042786474545399425,0.0024759167380986502,0.0022859684107373705,0.0022859684107373727,0.2299299424724483,138
TATACHEM.NS,288,87.17979812464732,0.00015249547959828334,0.23675597367204215,0.06752940335934826,0.07027338454220201,0.0038525395909458776,0.003943790259936828,0.003943790259936827,0.22730490543444387,158
TATACOMM.NS,274,81.47729818954753,2.1785068514040475e-05,0.22806115588202003,0.0648561933863378,0.06909134261087739,0.00354002175046435,0.003787671903637667,0.0037876719036376663,0.23873375178448,158
TCS.NS,24,9.657958843298879,0.0003267760277106071,0.15921108050423985,0.0035060177197115665,-0.0036239301279474283,0.0008368833494997779,0.00020475523026000926,0.0002047552302600093,0.35913484506794185,24
TATACONSUM.NS,50,13.58592411684995,0.017177526523320916,0.15796600202635178,0.006749210810123689,0.0017822809752906907,0.0015063614472127082,0.0003941612176489256,0.00039416121764892554,0.1597032226463483,36
TATAELXSI.NS,194,52.84354824365091,0.00020695815088338451,0.196467861935913,0.04268132517788935,0.04872797944929797,0.002449196087614684,0.002492635594927917,0.0024926355949279186,0.24064872414758545,151
TATAINVEST.NS,32,7.929981209185257,0.0,0.1523016476601499,0.008082487355562102,0.003856710792705984,0.000644044526393049,0.0004720260112370114,0.00047202601123701117,0.31308135644673546,32
TATAPOWER.NS,358,135.6283081558098,0.08736901727555933,0.3006780309059718,0.09803909748821274,0.07748061651668592,0.006090839001642848,0.005725589425239404,0.005725589425239402,0.21296652436737926,158
TATASTEEL.NS,336,113.20815299062501,0.006056249046903252,0.26515678255528025,0.08348044870869814,0.07597698226596963,0.004966694994028179,0.00487534857609465,0.004875348576094643,0.21155865143367394,158
TTML.NS,217,62.972398462023456,0.0,0.20837258433919711,0.053360979855825615,0.05762999245125732,0.002770090545076159,0.0031163389893471946,0.0031163389893471946,0.2687478653279856,158
TECHM.NS,40,14.010602086414522,0.00011981787682722261,0.1661282928290277,0.007531474596916354,0.001744156439414352,0.0010009384083641431,0.00043984626963490726,0.0004398462696349073,0.3040947011760037,37
TECHNOE.NS,200,55.653620225322456,0.0,0.19570989865080735,0.04807450416349568,0.05393722907433156,0.002484892635352939,0.002807603086056891,0.002807603086056889,0.27198363379332824,158
TEJASNET.NS,268,78.67075123740285,0.002156721782890007,0.22392900948348698,0.06222846258313601,0.0675012336460147,0.003631610850855357,0.003634209580088669,0.0036342095800886674,0.2366131121123348,158
NIACL.NS,284,90.70055647888115,0.0009040803433326797,0.2383743927571062,0.07176831135123977,0.07022248098581012,0.004011840980150329,0.004191347075480293,0.004191347075480291,0.241642319457599,158
RAMCOCEM.NS,211,60.07741923174499,6.535520554212142e-05,0.20417870199459429,0.05119361601842206,0.05666792418078907,0.002653768796558218,0.0029897625949696716,0.0029897625949696725,0.26938025504659074,158
THERMAX.NS,46,11.782838591455135,0.0,0.1622422376524274,0.012481192201022213,0.009047500371969396,0.0007852063692909675,0.0007289151360164771,0.000728915136016477,0.32745670757042583,46
TIMKEN.NS,16,4.010427985814037,1.0892534257020238e-05,0.14311271409928955,0.003542854270495424,-0.0023903438598574774,0.0005427320674630151,0.00020690652470308288,0.00020690652470308293,0.26192502295279274,15
TITAGARH.NS,249,76.92580337461362,4.357013702808095e-05,0.22367935460887356,0.06426430591859826,0.06611003225318265,0.0032848971075673116,0.0037531050347756963,0.003753105034775693,0.270716465697115,158
TITAN.NS,55,14.29769685091904,0.00022874321939742498,0.15704635615181295,0.009469887795200036,0.0054350607423474615,0.0011164447146044126,0.0005530516988380065,0.0005530516988380067,0.214033433835517,47
TORNTPHARM.NS,25,6.835745659834103,0.0048362852101169855,0.14458752109540135,0.002616582240049173,-0.0037797801805240505,0.0011090561601121173,0.0001528112353920434,0.0001528112353920434,0.19422611866730868,21
TORNTPOWER.NS,140,38.38467113287134,1.0892534257020238e-05,0.191584498114785,0.03668605414971399,0.03912158595454719,0.001843767702707258,0.0021425052767200014,0.002142505276720003,0.3082629638001524,136
TARIL.NS,133,35.414306202889314,0.0,0.1760803455862644,0.033751616773751214,0.037279472658078266,0.0016666706813813067,0.0019711309572974897,0.0019711309572974893,0.30929790145682035,131
TRENT.NS,120,31.203370785143793,0.0,0.17883615113808146,0.02552182858980686,0.027537180147274798,0.0016163159764728584,0.001490502418222892,0.0014905024182228926,0.24377865752128464,106
TRIDENT.NS,269,82.72789115491597,0.004455046511121277,0.23013134576320757,0.06584447039105248,0.06816178757448632,0.003764197947044053,0.0038453883505692797,0.0038453883505692784,0.2466175787917349,158
TRIVENI.NS,209,59.45226980997556,4.357013702808095e-05,0.20262301644625608,0.05135220115074637,0.056659288458756896,0.0026251075725495605,0.0029990241383732697,0.00299902413837327,0.27512811158837386,158
TRITURBINE.NS,77,19.24094360233761,0.0,0.1605424539605365,0.016348716248840555,0.016271022465960284,0.0010906076436420558,0.0009547827271855032,0.0009547827271855038,0.2566807536363665,75
TIINDIA.NS,30,7.494053255351487,0.0,0.14858793560202657,0.0072782429606126405,0.002809452749783459,0.0006326237624936697,0.00042505726793963067,0.0004250572679396306,0.3026488033686591,30
UCOBANK.NS,212,67.678869688822,0.0,0.2164127286868209,0.06041807424644759,0.058840081936252245,0.0028847301306790564,0.0035284809413956585,0.003528480941395659,0.30680257605894845,158
UNOMINDA.NS,109,28.529939122479284,0.0,0.1760869000231114,0.024680221117504442,0.026319191542303985,0.001453440525060121,0.0014413516307608116,0.0014413516307608103,0.2662187996151989,104
UPL.NS,267,79.32707989487432,0.001056575822930963,0.22757281091501724,0.060616236376783345,0.06390186862561516,0.0036122158980975653,0.0035400538243270754,0.0035400538243270776,0.22241261509659413,158
UTIAMC.NS,226,62.11979736729801,0.00020695815088338451,0.20537699803212534,0.04951941647957126,0.05674020569383426,0.002852559588740409,0.002891987529501153,0.0028919875295011534,0.2333789012778546,158
ULTRACEMCO.NS,220,64.73189268542968,0.0016229876042960154,0.21314883698225717,0.05169510164443106,0.054367266521071274,0.0030747633024685813,0.003019049898410343,0.003019049898410343,0.24326693611474948,157
UNIONBANK.NS,274,93.59638138216133,0.0006971221924492952,0.24251430154665476,0.07658697194823483,0.06958623769860953,0.003970468537780476,0.004472762070771225,0.004472762070771226,0.2653072319108213,158
UBL.NS,20,5.006782864414756,9.803280831318213e-05,0.14888457923570197,0.0026520401365462544,-0.003652440831245368,0.0007851216562920004,0.00015488201493231112,0.00015488201493231115,0.16789493444878428,15
USHAMART.NS,150,40.144196734383634,0.0,0.18277390248519787,0.03690247577314514,0.04151727506878691,0.0018567776999574015,0.0021551445338149552,0.0021551445338149535,0.29386350423078705,142
VGUARD.NS,42,10.324069184035382,0.0,0.15520353335180756,0.00931277262961637,0.006216166725452401,0.000747693617646823,0.0005438760030833747,0.0005438760030833747,0.27693043682536517,41
DBREALTY.NS,274,85.65481976017863,2.1785068514040475e-05,0.23379377524773476,0.06900086043791012,0.06989429536432135,0.003681122045159739,0.00402972494624624,0.004029724946246241,0.2512890892662664,158
VTL.NS,187,50.42660886563497,0.001699235344095157,0.1906299868490753,0.04425811951233001,0.05117957509565981,0.0023261755880276277,0.0025847220910131846,0.002584722091013183,0.2750267531311486,158
VBL.NS,36,8.804437015113162,0.0,0.1587820027924456,0.007765142619978081,0.004037203501417404,0.0006895327555496537,0.0004534927351383226,0.0004534927351383225,0.26966275116364286,36
MANYAVAR.NS,30,7.366928181719529,0.0,0.1502526536574344,0.006900207258870813,0.002937489070378339,0.0006299086861840549,0.0004029795737165047,0.0004029795737165048,0.2952350968208922,30
VEDL.NS,306,100.28295627018747,0.001285319042328388,0.2501410360166258,0.07781161617753588,0.07382001996063892,0.0043111799941616446,0.004544282619497303,0.004544282619497301,0.23313985482878966,158
VIJAYA.NS,0,0.0,,,,,,,,0.0,0
IDEA.NS,223,66.17049762232094,0.0,0.21457071787471482,0.05750353144537883,0.060883882852069846,0.002854417506848218,0.0033582684866837655,0.003358268486683766,0.281623449770487,158
VOLTAS.NS,103,26.92558834948911,0.001143716096987125,0.17795376826999482,0.02255766924284751,0.023362975871811142,0.001511877059712468,0.0013173923035187476,0.0013173923035187482,0.25576830834459374,93
WELCORP.NS,263,82.33439331493945,0.0,0.22944177364503024,0.06763771257800878,0.06855856886106579,0.003514649283155616,0.003950115635556424,0.003950115635556422,0.2626572647659037,158
WELSPUNLIV.NS,265,77.87438418660552,0.0008822952748186393,0.22252079746646514,0.06186129583237029,0.06726292058752235,0.003442739532576465,0.003612766644368691,0.0036127666443686924,0.24021458409660543,158
WHIRLPOOL.NS,4,1.004072711167959,0.0,0.1255183999077552,0.0007463689699680361,-0.006050544584328317,0.000389957927248299,4.358875582559907e-05,4.358875582559907e-05,0.18888542294388744,4
WIPRO.NS,107,31.491959249374222,0.0015685249330109141,0.18104860930113398,0.022127998442601732,0.020685578273286355,0.0017480194191279506,0.0012922990636455721,0.0012922990636455712,0.23561983909836776,89
WOCKPHARMA.NS,185,50.44425648046481,3.267760277106071e-05,0.1961308415804742,0.04301953961836941,0.049120355260963595,0.002330305686630863,0.002512387684384975,0.0025123876843849745,0.26399223208985234,155
YESBANK.NS,247,76.17467851416795,0.0,0.22240500544066308,0.06389447814405307,0.06539493175842283,0.0032591705671833012,0.003731506692386319,0.0037315066923863183,0.269577244426644,158
ZFCVINDIA.NS,1,0.2346449262402868,0.0,0.1179305585557568,0.00022529497912599866,-0.006854102635881984,0.00035829564824707647,1.3157470673354974e-05,1.315747067335499e-05,0.0,1
ZEEL.NS,181,50.83186405377549,1.0892534257020238e-05,0.19724185868511382,0.045048165699446134,0.04928945606484075,0.0022900491126819004,0.00263086164360287,0.00263086164360287,0.2820432959300799,157
ZENTEC.NS,105,27.879540601587014,3.267760277106071e-05,0.17304064321941115,0.02450948342098696,0.025344596774912524,0.001452033349505145,0.0014313803644526153,0.0014313803644526147,0.2744603338862481,98
ZENSARTECH.NS,154,41.56472618082066,0.00022874321939742498,0.18594250968401116,0.03291653096909363,0.03745307557082841,0.002033148893878661,0.0019223610422858775,0.00192236104228588,0.2432400783372157,129
ZYDUSLIFE.NS,138,38.09062795077976,0.003953989935298346,0.18580250566732567,0.02921341344346564,0.03065495670902719,0.0020878901236275646,0.0017060949699905551,0.0017060949699905538,0.2333369212394498,114
ECLERX.NS,16,4.03958459469395,0.0,0.14183193738551153,0.002806747333800389,-0.0030927839360014634,0.00051631983419068,0.00016391708272975991,0.00016391708272975997,0.2752085509923196,16
